{
  "hash": "91a9c630",
  "configHash": "fbc7e449",
  "lockfileHash": "fcf196fe",
  "browserHash": "b5b7d368",
  "optimized": {
    "@angular/common": {
      "src": "../../../../../node_modules/@angular/common/fesm2022/common.mjs",
      "file": "@angular_common.js",
      "fileHash": "9319016c",
      "needsInterop": false
    },
    "@angular/core": {
      "src": "../../../../../node_modules/@angular/core/fesm2022/core.mjs",
      "file": "@angular_core.js",
      "fileHash": "07d945ae",
      "needsInterop": false
    },
    "@angular/platform-browser": {
      "src": "../../../../../node_modules/@angular/platform-browser/fesm2022/platform-browser.mjs",
      "file": "@angular_platform-browser.js",
      "fileHash": "2f58542d",
      "needsInterop": false
    },
    "@angular/router": {
      "src": "../../../../../node_modules/@angular/router/fesm2022/router.mjs",
      "file": "@angular_router.js",
      "fileHash": "4daf60c2",
      "needsInterop": false
    }
  },
  "chunks": {
    "chunk-37AU53SE": {
      "file": "chunk-37AU53SE.js"
    },
    "chunk-WW5ZWXN3": {
      "file": "chunk-WW5ZWXN3.js"
    },
    "chunk-UXDG6NSB": {
      "file": "chunk-UXDG6NSB.js"
    }
  }
}